<?xml version="1.0" encoding="UTF-8"?>
<project-private xmlns="http://www.netbeans.org/ns/project-private/1">
    <editor-bookmarks xmlns="http://www.netbeans.org/ns/editor-bookmarks/2" lastBookmarkId="0"/>
    <open-files xmlns="http://www.netbeans.org/ns/projectui-open-files/2">
        <group>
            <file>file:/C:/Users/Asus/Downloads/Modul%2011/src/suryodemo.java</file>
            <file>file:/C:/Users/Asus/Downloads/Modul%2011/src/Outer.java</file>
            <file>file:/C:/Users/Asus/Downloads/Modul%2011/src/suryonested.java</file>
            <file>file:/C:/Users/Asus/Downloads/Modul%2011/src/OuterDemo.java</file>
            <file>file:/C:/Users/Asus/Downloads/Modul%2011/src/Outer_Demo.java</file>
        </group>
    </open-files>
</project-private>
